"Well-Balanced Lugian Axe";"1";"5";"57";"95";"250";"1.11";"1.11";"3"
"Cragstone's Axe";"1";"20";"12.1";"22";"80";"1.06";"1.08";"0"
"Quality Isparian Axe";"1";"20";"11.5";"23";"55";"1.04";"1.04";"2"
"Quality Chilling Isparian Axe";"1";"20";"11.5";"23";"55";"1.04";"1.04";"4"
"Quality Chilling Isparian Axe";"1";"20";"11.5";"23";"55";"1.04";"1.04";"4"
"Quality Flaming Isparian Axe";"1";"20";"11.5";"23";"55";"1.04";"1.04";"4"
"Quality Flaming Isparian Axe";"1";"20";"11.5";"23";"55";"1.04";"1.04";"4"
"Quality Coruscating Isparian Axe";"1";"20";"11.5";"23";"55";"1.04";"1.04";"4"
"Quality Coruscating Isparian Axe";"1";"20";"11.5";"23";"55";"1.04";"1.04";"4"
"Quality Dissolving Isparian Axe";"1";"20";"11.5";"23";"55";"1.04";"1.04";"4"
"Quality Dissolving Isparian Axe";"1";"20";"11.5";"23";"55";"1.04";"1.04";"4"
"Quality Shimmering Isparian Axe";"1";"20";"11.5";"23";"55";"1.04";"1.04";"3"
"Shauraloi";"1";"30";"15.6";"26";"50";"1.12";"1.12";"5"
"Good Isparian Axe";"1";"30";"14";"28";"55";"1.06";"1.06";"3"
"Good Chilling Isparian Axe";"1";"30";"14";"28";"55";"1.06";"1.06";"5"
"Good Chilling Isparian Axe";"1";"30";"14";"28";"55";"1.06";"1.06";"5"
"Good Flaming Isparian Axe";"1";"30";"14";"28";"55";"1.06";"1.06";"5"
"Good Flaming Isparian Axe";"1";"30";"14";"28";"55";"1.06";"1.06";"5"
"Good Coruscating Isparian Axe";"1";"30";"14";"28";"55";"1.06";"1.06";"5"
"Good Coruscating Isparian Axe";"1";"30";"14";"28";"55";"1.06";"1.06";"5"
"Good Dissolving Isparian Axe";"1";"30";"14";"28";"55";"1.06";"1.06";"5"
"Good Dissolving Isparian Axe";"1";"30";"14";"28";"55";"1.06";"1.06";"5"
"Good Shimmering Isparian Axe";"1";"30";"14";"28";"55";"1.06";"1.06";"4"
"Assault Axe";"1";"30";"14";"28";"40";"1.06";"1.06";"4"
"Superb Isparian Axe";"1";"40";"16";"32";"55";"1.08";"1.08";"3"
"Superb Chilling Isparian Axe";"1";"40";"16";"32";"55";"1.08";"1.08";"5"
"Superb Chilling Isparian Axe";"1";"40";"16";"32";"55";"1.08";"1.08";"5"
"Superb Flaming Isparian Axe";"1";"40";"16";"32";"55";"1.08";"1.08";"5"
"Superb Flaming Isparian Axe";"1";"40";"16";"32";"55";"1.08";"1.08";"5"
"Superb Coruscating Isparian Axe";"1";"40";"16";"32";"55";"1.08";"1.08";"5"
"Superb Coruscating Isparian Axe";"1";"40";"16";"32";"55";"1.08";"1.08";"5"
"Superb Dissolving Isparian Axe";"1";"40";"16";"32";"55";"1.08";"1.08";"5"
"Superb Dissolving Isparian Axe";"1";"40";"16";"32";"55";"1.08";"1.08";"5"
"Superb Shimmering Isparian Axe";"1";"40";"16";"32";"55";"1.08";"1.08";"4"
"Perfect Isparian Axe";"1";"50";"18";"36";"55";"1.1";"1.1";"3"
"Perfect Chilling Isparian Axe";"1";"50";"18";"36";"55";"1.1";"1.1";"5"
"Perfect Chilling Isparian Axe";"1";"50";"18";"36";"55";"1.1";"1.1";"5"
"Perfect Flaming Isparian Axe";"1";"50";"18";"36";"55";"1.1";"1.1";"5"
"Perfect Flaming Isparian Axe";"1";"50";"18";"36";"55";"1.1";"1.1";"5"
"Perfect Coruscating Isparian Axe";"1";"50";"18";"36";"55";"1.1";"1.1";"5"
"Perfect Coruscating Isparian Axe";"1";"50";"18";"36";"55";"1.1";"1.1";"5"
"Perfect Dissolving Isparian Axe";"1";"50";"18";"36";"55";"1.1";"1.1";"5"
"Perfect Dissolving Isparian Axe";"1";"50";"18";"36";"55";"1.1";"1.1";"5"
"Perfect Shimmering Isparian Axe";"1";"50";"18";"36";"55";"1.1";"1.1";"4"
"Hammer of Frore";"1";"55";"20";"40";"65";"1.12";"1.08";"3"
"Hammer of Olthoi Slaying";"1";"70";"9";"18";"70";"1.04";"1.04";"4"
"Silifi of Crimson Stars";"1";"250";"4.5";"9";"70";"1.1";"1.1";"0"
"Silifi of Crimson Stars";"1";"250";"4.5";"9";"70";"1.1";"1.1";"1"
"Silifi of Crimson Stars";"1";"250";"4.5";"9";"70";"1.1";"1.1";"1"
"Silifi of Crimson Stars";"1";"250";"4.5";"9";"70";"1.1";"1.1";"1"
"Silifi of Crimson Stars";"1";"250";"4.5";"9";"70";"1.1";"1.1";"1"
"Silifi of Crimson Stars";"1";"250";"4.5";"9";"70";"1.1";"1.1";"2"
"Silifi of Crimson Stars";"1";"250";"4.5";"9";"70";"1.1";"1.1";"2"
"Silifi of Crimson Stars";"1";"250";"4.5";"9";"70";"1.1";"1.1";"2"
"Silifi of Crimson Stars";"1";"250";"4.5";"9";"70";"1.1";"1.1";"2"
"Silifi of Crimson Stars";"1";"250";"4.5";"9";"70";"1.1";"1.1";"2"
"Silifi of Crimson Stars";"1";"250";"4.5";"9";"70";"1.1";"1.1";"2"
"Hammer of Might";"1";"250";"9";"18";"70";"1.04";"1.04";"4"
"Tanae's Tewhate of the Forests";"1";"250";"12";"24";"60";"1.08";"1.08";"3"
"Palenqual's Tewhate of the Heights";"1";"250";"12";"24";"60";"1.08";"1.08";"9"
"Audetaunga's Tewhate of the Mountains";"1";"250";"12";"24";"60";"1.08";"1.08";"3"
"Volkama's Tewhate of the Rivers";"1";"250";"12";"24";"60";"1.08";"1.08";"3"
"Palenqual's Tewhate of the Vortex";"1";"250";"12";"24";"60";"1.08";"1.08";"9"
"Palenqual's Tewhate of the Chase";"1";"250";"12";"24";"60";"1.08";"1.08";"9"
"Lugian Axe";"1";"250";"13.5";"27";"120";"1";"1";"0"
"Peerless Atlan Axe";"1";"250";"14";"28";"55";"1.07";"1.07";"0"
"Peerless Shivering Atlan Axe";"1";"250";"14";"28";"55";"1.07";"1.07";"6"
"Peerless Shivering Atlan Axe";"1";"250";"14";"28";"55";"1.07";"1.07";"6"
"Peerless Smoldering Atlan Axe";"1";"250";"14";"28";"55";"1.07";"1.07";"6"
"Peerless Smoldering Atlan Axe";"1";"250";"14";"28";"55";"1.07";"1.07";"6"
"Peerless Sparking Atlan Axe";"1";"250";"14";"28";"55";"1.07";"1.07";"6"
"Peerless Sparking Atlan Axe";"1";"250";"14";"28";"55";"1.07";"1.07";"6"
"Peerless Stinging Atlan Axe";"1";"250";"14";"28";"55";"1.07";"1.07";"6"
"Peerless Stinging Atlan Axe";"1";"250";"14";"28";"55";"1.07";"1.07";"6"
"Superior Atlan Axe";"1";"250";"14";"28";"55";"1.05";"1.05";"0"
"Superior Shivering Atlan Axe";"1";"250";"14";"28";"55";"1.05";"1.05";"6"
"Superior Shivering Atlan Axe";"1";"250";"14";"28";"55";"1.05";"1.05";"6"
"Superior Smoldering Atlan Axe";"1";"250";"14";"28";"55";"1.05";"1.05";"6"
"Superior Smoldering Atlan Axe";"1";"250";"14";"28";"55";"1.05";"1.05";"6"
"Superior Sparking Atlan Axe";"1";"250";"14";"28";"55";"1.05";"1.05";"6"
"Superior Sparking Atlan Axe";"1";"250";"14";"28";"55";"1.05";"1.05";"6"
"Superior Stinging Atlan Axe";"1";"250";"14";"28";"55";"1.05";"1.05";"6"
"Superior Stinging Atlan Axe";"1";"250";"14";"28";"55";"1.05";"1.05";"6"
"Fine Atlan Axe";"1";"250";"14";"28";"55";"1.03";"1.03";"0"
"Fine Shivering Atlan Axe";"1";"250";"14";"28";"55";"1.03";"1.03";"6"
"Fine Shivering Atlan Axe";"1";"250";"14";"28";"55";"1.03";"1.03";"6"
"Fine Smoldering Atlan Axe";"1";"250";"14";"28";"55";"1.03";"1.03";"6"
"Fine Smoldering Atlan Axe";"1";"250";"14";"28";"55";"1.03";"1.03";"6"
"Fine Sparking Atlan Axe";"1";"250";"14";"28";"55";"1.03";"1.03";"6"
"Fine Sparking Atlan Axe";"1";"250";"14";"28";"55";"1.03";"1.03";"6"
"Fine Stinging Atlan Axe";"1";"250";"14";"28";"55";"1.03";"1.03";"6"
"Fine Stinging Atlan Axe";"1";"250";"14";"28";"55";"1.03";"1.03";"6"
"Silifi of Crimson Stars";"1";"250";"14";"28";"70";"1.1";"1.1";"1"
"Silifi of Crimson Stars";"1";"250";"14";"28";"70";"1.1";"1.1";"1"
"Silifi of Crimson Stars";"1";"250";"14";"28";"70";"1.1";"1.1";"1"
"Silifi of Crimson Stars";"1";"250";"14";"28";"70";"1.1";"1.1";"1"
"Silifi of Crimson Stars";"1";"250";"14";"28";"70";"1.1";"1.1";"2"
"Silifi of Crimson Stars";"1";"250";"14";"28";"70";"1.1";"1.1";"2"
"Silifi of Crimson Stars";"1";"250";"14";"28";"70";"1.1";"1.1";"2"
"Silifi of Crimson Stars";"1";"250";"14";"28";"70";"1.1";"1.1";"2"
"Silifi of Crimson Stars";"1";"250";"14";"28";"70";"1.1";"1.1";"2"
"Silifi of Crimson Stars";"1";"250";"14";"28";"70";"1.1";"1.1";"2"
"Silifi of Crimson Stars";"1";"250";"14";"28";"70";"1.1";"1.1";"3"
"Silifi of Crimson Stars";"1";"250";"14";"28";"70";"1.1";"1.1";"3"
"Silifi of Crimson Stars";"1";"250";"14";"28";"70";"1.1";"1.1";"3"
"Silifi of Crimson Stars";"1";"250";"14";"28";"70";"1.1";"1.1";"3"
"Silifi of Crimson Stars";"1";"250";"14";"28";"70";"1.1";"1.1";"0"
"Obsidian Axe";"1";"250";"16";"32";"70";"1.08";"1.08";"5"
"Singularity Axe";"1";"250";"18";"36";"60";"1.07";"1.07";"3"
"Bound Singularity Axe";"1";"250";"18";"36";"60";"1.07";"1.07";"3"
"Deadly Hollow Axe";"1";"250";"20.8";"52";"30";"1.1";"1";"0"
"Phantom Axe";"1";"275";"2.8";"7";"30";"1.15";"1";"0"
"Silifi of Crimson Stars";"1";"300";"8";"16";"70";"1.12";"1.12";"0"
"Silifi of Crimson Stars";"1";"300";"8";"16";"70";"1.12";"1.12";"1"
"Silifi of Crimson Stars";"1";"300";"8";"16";"70";"1.12";"1.12";"1"
"Silifi of Crimson Stars";"1";"300";"8";"16";"70";"1.12";"1.12";"1"
"Silifi of Crimson Stars";"1";"300";"8";"16";"70";"1.12";"1.12";"1"
"Silifi of Crimson Stars";"1";"300";"8";"16";"70";"1.12";"1.12";"2"
"Silifi of Crimson Stars";"1";"300";"8";"16";"70";"1.12";"1.12";"2"
"Silifi of Crimson Stars";"1";"300";"8";"16";"70";"1.12";"1.12";"2"
"Silifi of Crimson Stars";"1";"300";"8";"16";"70";"1.12";"1.12";"2"
"Silifi of Crimson Stars";"1";"300";"8";"16";"70";"1.12";"1.12";"2"
"Silifi of Crimson Stars";"1";"300";"8";"16";"70";"1.12";"1.12";"2"
"Banished Axe";"1";"300";"20.5";"41";"60";"1.06";"1.06";"2"
"Acid Olthoi Axe";"1";"300";"23";"46";"55";"1.1";"1.1";"4"
"Sickle of Writhing Fury";"1";"300";"23";"46";"65";"1.1";"1.08";"6"
"Silifi of Crimson Stars";"1";"300";"24";"48";"70";"1.12";"1.12";"1"
"Silifi of Crimson Stars";"1";"300";"24";"48";"70";"1.12";"1.12";"1"
"Silifi of Crimson Stars";"1";"300";"24";"48";"70";"1.12";"1.12";"1"
"Silifi of Crimson Stars";"1";"300";"24";"48";"70";"1.12";"1.12";"1"
"Silifi of Crimson Stars";"1";"300";"24";"48";"70";"1.12";"1.12";"2"
"Silifi of Crimson Stars";"1";"300";"24";"48";"70";"1.12";"1.12";"2"
"Silifi of Crimson Stars";"1";"300";"24";"48";"70";"1.12";"1.12";"2"
"Silifi of Crimson Stars";"1";"300";"24";"48";"70";"1.12";"1.12";"2"
"Silifi of Crimson Stars";"1";"300";"24";"48";"70";"1.12";"1.12";"2"
"Silifi of Crimson Stars";"1";"300";"24";"48";"70";"1.12";"1.12";"2"
"Silifi of Crimson Stars";"1";"300";"24";"48";"70";"1.12";"1.12";"3"
"Silifi of Crimson Stars";"1";"300";"24";"48";"70";"1.12";"1.12";"3"
"Silifi of Crimson Stars";"1";"300";"24";"48";"70";"1.12";"1.12";"3"
"Silifi of Crimson Stars";"1";"300";"24";"48";"70";"1.12";"1.12";"3"
"Silifi of Crimson Stars";"1";"300";"24";"48";"70";"1.12";"1.12";"0"
"Silifi of Crimson Stars";"1";"325";"10";"20";"70";"1.15";"1.15";"0"
"Silifi of Crimson Stars";"1";"325";"10";"20";"70";"1.15";"1.15";"1"
"Silifi of Crimson Stars";"1";"325";"10";"20";"70";"1.15";"1.15";"1"
"Silifi of Crimson Stars";"1";"325";"10";"20";"70";"1.15";"1.15";"1"
"Silifi of Crimson Stars";"1";"325";"10";"20";"70";"1.15";"1.15";"1"
"Silifi of Crimson Stars";"1";"325";"10";"20";"70";"1.15";"1.15";"2"
"Silifi of Crimson Stars";"1";"325";"10";"20";"70";"1.15";"1.15";"2"
"Silifi of Crimson Stars";"1";"325";"10";"20";"70";"1.15";"1.15";"2"
"Silifi of Crimson Stars";"1";"325";"10";"20";"70";"1.15";"1.15";"2"
"Silifi of Crimson Stars";"1";"325";"10";"20";"70";"1.15";"1.15";"2"
"Silifi of Crimson Stars";"1";"325";"10";"20";"70";"1.15";"1.15";"2"
"Weeping Axe";"1";"325";"14";"35";"55";"1.05";"1";"5"
"Acidic Weeping Axe";"1";"325";"14";"35";"55";"1.05";"1";"5"
"Electric Weeping Axe";"1";"325";"14";"35";"55";"1.05";"1";"5"
"Flaming Weeping Axe";"1";"325";"14";"35";"55";"1.05";"1";"5"
"Frozen Weeping Axe";"1";"325";"14";"35";"55";"1.05";"1";"5"
"Noble War Maul";"1";"325";"22.8";"38";"65";"1.09";"1.09";"6"
"Burun Slaying War Maul";"1";"325";"22.8";"38";"65";"1.09";"1.09";"6"
"Ultimate Singularity Axe";"1";"325";"22";"44";"60";"1.08";"1.08";"4"
"Quadruple-bladed Axe";"1";"325";"18";"45";"55";"1.08";"1.08";"1"
"Regal War Maul";"1";"325";"25.3";"46";"65";"1.1";"1.1";"6"
"Quintessence Sickle";"1";"325";"25";"50";"40";"1.12";"1.08";"5"
"Silifi of Crimson Stars";"1";"325";"30";"60";"70";"1.15";"1.15";"1"
"Silifi of Crimson Stars";"1";"325";"30";"60";"70";"1.15";"1.15";"1"
"Silifi of Crimson Stars";"1";"325";"30";"60";"70";"1.15";"1.15";"1"
"Silifi of Crimson Stars";"1";"325";"30";"60";"70";"1.15";"1.15";"1"
"Silifi of Crimson Stars";"1";"325";"30";"60";"70";"1.15";"1.15";"2"
"Silifi of Crimson Stars";"1";"325";"30";"60";"70";"1.15";"1.15";"2"
"Silifi of Crimson Stars";"1";"325";"30";"60";"70";"1.15";"1.15";"2"
"Silifi of Crimson Stars";"1";"325";"30";"60";"70";"1.15";"1.15";"2"
"Silifi of Crimson Stars";"1";"325";"30";"60";"70";"1.15";"1.15";"2"
"Silifi of Crimson Stars";"1";"325";"30";"60";"70";"1.15";"1.15";"2"
"Silifi of Crimson Stars";"1";"325";"30";"60";"70";"1.15";"1.15";"3"
"Silifi of Crimson Stars";"1";"325";"30";"60";"70";"1.15";"1.15";"3"
"Silifi of Crimson Stars";"1";"325";"30";"60";"70";"1.15";"1.15";"3"
"Silifi of Crimson Stars";"1";"325";"30";"60";"70";"1.15";"1.15";"3"
"Silifi of Crimson Stars";"1";"325";"30";"60";"70";"1.15";"1.15";"0"
"Quadruple-bladed Axe";"1";"325";"26";"65";"55";"1";"1";"1"
"Sickle of Writhing Fury";"1";"350";"30.5";"61";"65";"1.11";"1.09";"5"
"Hammer of the Fallen";"1";"370";"21.5";"43";"60";"1.13";"1.13";"2"
"Insensate Axe";"1";"370";"22.5";"45";"60";"1.08";"1.13";"1"
"Sickle of Writhing Fury";"1";"370";"34.5";"69";"65";"1.12";"1.1";"6"
"Peerless Atlan Axe of Black Fire";"1";"400";"23";"46";"55";"1.07";"1.07";"6"
"Superior Atlan Axe of Black Fire";"1";"400";"23";"46";"55";"1.05";"1.05";"6"
"Fine Atlan Axe of Black Fire";"1";"400";"23";"46";"55";"1.03";"1.03";"6"
"Quality Isparian Dagger";"4";"20";"6";"12";"12";"1.04";"1.04";"2"
"Quality Chilling Isparian Dagger";"4";"20";"6";"12";"12";"1.04";"1.04";"4"
"Quality Chilling Isparian Dagger";"4";"20";"6";"12";"12";"1.04";"1.04";"4"
"Quality Flaming Isparian Dagger";"4";"20";"6";"12";"12";"1.04";"1.04";"4"
"Quality Flaming Isparian Dagger";"4";"20";"6";"12";"12";"1.04";"1.04";"4"
"Quality Coruscating Isparian Dagger";"4";"20";"6";"12";"12";"1.04";"1.04";"4"
"Quality Coruscating Isparian Dagger";"4";"20";"6";"12";"12";"1.04";"1.04";"4"
"Quality Dissolving Isparian Dagger";"4";"20";"6";"12";"12";"1.04";"1.04";"4"
"Quality Dissolving Isparian Dagger";"4";"20";"6";"12";"12";"1.04";"1.04";"4"
"Quality Shimmering Isparian Dagger";"4";"20";"6";"12";"12";"1.04";"1.04";"3"
"Good Isparian Dagger";"4";"30";"3";"6";"12";"1.06";"1.06";"3"
"Good Chilling Isparian Dagger";"4";"30";"3";"6";"12";"1.06";"1.06";"5"
"Good Chilling Isparian Dagger";"4";"30";"3";"6";"12";"1.06";"1.06";"5"
"Good Flaming Isparian Dagger";"4";"30";"3";"6";"12";"1.06";"1.06";"5"
"Good Flaming Isparian Dagger";"4";"30";"3";"6";"12";"1.06";"1.06";"5"
"Good Coruscating Isparian Dagger";"4";"30";"3";"6";"12";"1.06";"1.06";"5"
"Good Coruscating Isparian Dagger";"4";"30";"3";"6";"12";"1.06";"1.06";"5"
"Good Dissolving Isparian Dagger";"4";"30";"3";"6";"12";"1.06";"1.06";"5"
"Good Dissolving Isparian Dagger";"4";"30";"3";"6";"12";"1.06";"1.06";"5"
"Good Shimmering Isparian Dagger";"4";"30";"3";"6";"12";"1.06";"1.06";"4"
"Sacraloi";"4";"30";"3";"10";"15";"1.12";"1.12";"5"
"Carrot Dagger";"4";"30";"8.4";"12";"20";"1.07";"1.03";"2"
"Assault Dirk";"4";"30";"9.8";"13";"25";"1.06";"1.06";"4"
"Superb Isparian Dagger";"4";"40";"3.5";"7";"12";"1.08";"1.08";"3"
"Superb Chilling Isparian Dagger";"4";"40";"3.5";"7";"12";"1.08";"1.08";"5"
"Superb Chilling Isparian Dagger";"4";"40";"3.5";"7";"12";"1.08";"1.08";"5"
"Superb Flaming Isparian Dagger";"4";"40";"3.5";"7";"12";"1.08";"1.08";"5"
"Superb Flaming Isparian Dagger";"4";"40";"3.5";"7";"12";"1.08";"1.08";"5"
"Superb Coruscating Isparian Dagger";"4";"40";"3.5";"7";"12";"1.08";"1.08";"5"
"Superb Coruscating Isparian Dagger";"4";"40";"3.5";"7";"12";"1.08";"1.08";"5"
"Superb Dissolving Isparian Dagger";"4";"40";"3.5";"7";"12";"1.08";"1.08";"5"
"Superb Dissolving Isparian Dagger";"4";"40";"3.5";"7";"12";"1.08";"1.08";"5"
"Superb Shimmering Isparian Dagger";"4";"40";"3.5";"7";"12";"1.08";"1.08";"4"
"Perfect Isparian Dagger";"4";"50";"3.5";"7";"12";"1.1";"1.1";"3"
"Perfect Chilling Isparian Dagger";"4";"50";"3.5";"7";"12";"1.1";"1.1";"5"
"Perfect Chilling Isparian Dagger";"4";"50";"3.5";"7";"12";"1.1";"1.1";"5"
"Perfect Flaming Isparian Dagger";"4";"50";"3.5";"7";"12";"1.1";"1.1";"5"
"Perfect Flaming Isparian Dagger";"4";"50";"3.5";"7";"12";"1.1";"1.1";"5"
"Perfect Coruscating Isparian Dagger";"4";"50";"3.5";"7";"12";"1.1";"1.1";"5"
"Perfect Coruscating Isparian Dagger";"4";"50";"3.5";"7";"12";"1.1";"1.1";"5"
"Perfect Dissolving Isparian Dagger";"4";"50";"3.5";"7";"12";"1.1";"1.1";"5"
"Perfect Dissolving Isparian Dagger";"4";"50";"3.5";"7";"12";"1.1";"1.1";"5"
"Perfect Shimmering Isparian Dagger";"4";"50";"3.5";"7";"12";"1.1";"1.1";"4"
"Dastardly Dirk";"4";"60";"10";"20";"10";"1.08";"1.11";"3"
"Atakir's Blade";"4";"100";"6";"12";"15";"1.09";"1.09";"6"
"Sable Tooth Dirk";"4";"200";"11.2";"14";"35";"1.06";"1.06";"4"
"Tanae's Okane of the Forests";"4";"250";"1.2";"2";"20";"1.08";"1.08";"3"
"Palenqual's Okane of the Heights";"4";"250";"0.7";"2";"20";"1.08";"1.08";"9"
"Audetaunga's Okane of the Mountains";"4";"250";"0.8";"2";"20";"1.08";"1.08";"3"
"Volkama's Okane of the Rivers";"4";"250";"0.8";"2";"20";"1.08";"1.08";"3"
"Palenqual's Okane of the Vortex";"4";"250";"0.7";"2";"20";"1.08";"1.08";"9"
"Palenqual's Okane of the Chase";"4";"250";"1";"2";"20";"1.08";"1.08";"9"
"Peerless Atlan Dagger";"4";"250";"2.7";"6";"15";"1.07";"1.07";"0"
"Peerless Shivering Atlan Dagger";"4";"250";"2.7";"6";"15";"1.07";"1.07";"6"
"Peerless Shivering Atlan Dagger";"4";"250";"2.7";"6";"15";"1.07";"1.07";"6"
"Peerless Smoldering Atlan Dagger";"4";"250";"2.7";"6";"15";"1.07";"1.07";"6"
"Peerless Smoldering Atlan Dagger";"4";"250";"2.7";"6";"15";"1.07";"1.07";"6"
"Peerless Sparking Atlan Dagger";"4";"250";"2.7";"6";"15";"1.07";"1.07";"6"
"Peerless Sparking Atlan Dagger";"4";"250";"2.7";"6";"15";"1.07";"1.07";"6"
"Peerless Stinging Atlan Dagger";"4";"250";"2.7";"6";"15";"1.07";"1.07";"6"
"Peerless Stinging Atlan Dagger";"4";"250";"2.7";"6";"15";"1.07";"1.07";"6"
"Superior Atlan Dagger";"4";"250";"2.7";"6";"15";"1.05";"1.05";"0"
"Superior Shivering Atlan Dagger";"4";"250";"2.7";"6";"15";"1.05";"1.05";"6"
"Superior Shivering Atlan Dagger";"4";"250";"2.7";"6";"15";"1.05";"1.05";"6"
"Superior Smoldering Atlan Dagger";"4";"250";"2.7";"6";"15";"1.05";"1.05";"6"
"Superior Smoldering Atlan Dagger";"4";"250";"2.7";"6";"15";"1.05";"1.05";"6"
"Superior Sparking Atlan Dagger";"4";"250";"2.7";"6";"15";"1.05";"1.05";"6"
"Superior Sparking Atlan Dagger";"4";"250";"2.7";"6";"15";"1.05";"1.05";"6"
"Superior Stinging Atlan Dagger";"4";"250";"2.7";"6";"15";"1.05";"1.05";"6"
"Superior Stinging Atlan Dagger";"4";"250";"2.7";"6";"15";"1.05";"1.05";"6"
"Fine Atlan Dagger";"4";"250";"2.7";"6";"15";"1.03";"1.03";"0"
"Fine Shivering Atlan Dagger";"4";"250";"2.7";"6";"15";"1.03";"1.03";"6"
"Fine Shivering Atlan Dagger";"4";"250";"2.7";"6";"15";"1.03";"1.03";"6"
"Fine Smoldering Atlan Dagger";"4";"250";"2.7";"6";"15";"1.03";"1.03";"6"
"Fine Smoldering Atlan Dagger";"4";"250";"2.7";"6";"15";"1.03";"1.03";"6"
"Fine Sparking Atlan Dagger";"4";"250";"2.7";"6";"15";"1.03";"1.03";"6"
"Fine Sparking Atlan Dagger";"4";"250";"2.7";"6";"15";"1.03";"1.03";"6"
"Fine Stinging Atlan Dagger";"4";"250";"2.7";"6";"15";"1.03";"1.03";"6"
"Fine Stinging Atlan Dagger";"4";"250";"2.7";"6";"15";"1.03";"1.03";"6"
"Singularity Dagger";"4";"250";"4.2";"6";"20";"1.07";"1.07";"3"
"Bound Singularity Dagger";"4";"250";"4.2";"6";"20";"1.07";"1.07";"3"
"Vein-Thirst Kukri";"4";"250";"4";"8";"10";"1.1";"1.06";"4"
"Deadly Hollow Dagger";"4";"250";"12.6";"42";"20";"1.1";"1";"0"
"Phantom Dagger";"4";"275";"0.5";"5";"20";"1.15";"1";"0"
"Oswald's Dagger";"4";"300";"6.5";"13";"10";"1.05";"1.05";"5"
"Vein-Thirst Kukri";"4";"300";"7.5";"15";"10";"1.1";"1.06";"5"
"Dagger of Frozen Fury";"4";"300";"15";"20";"10";"1.1";"1.1";"4"
"Banished Point";"4";"300";"11";"22";"20";"1.06";"1.06";"2"
"Noble Stilleto";"4";"325";"2.4";"6";"10";"1.09";"1.09";"6"
"Burun Slaying Stiletto";"4";"325";"2.4";"6";"10";"1.09";"1.09";"6"
"Regal Stilleto";"4";"325";"4";"10";"10";"1.1";"1.1";"6"
"Ultimate Singularity Dagger";"4";"325";"9.1";"13";"20";"1.08";"1.08";"4"
"Oswald's Dirk";"4";"325";"9";"15";"40";"1.12";"1.1";"6"
"Badlands Siraluun Okane";"4";"325";"11";"22";"20";"1.08";"1.08";"4"
"Weeping Dagger";"4";"325";"7.8";"26";"12";"1.05";"1";"5"
"Acidic Weeping Dagger";"4";"325";"7.8";"26";"12";"1.05";"1";"5"
"Electric Weeping Dagger";"4";"325";"7.8";"26";"12";"1.05";"1";"5"
"Flaming Weeping Dagger";"4";"325";"7.8";"26";"12";"1.05";"1";"5"
"Frozen Weeping Dagger";"4";"325";"7.8";"26";"12";"1.05";"1";"5"
"Vein-Thirst Kukri";"4";"350";"8";"16";"10";"1.12";"1.08";"6"
"Sharpened Virindi Scalpel";"4";"350";"6.4";"16";"1";"1.14";"1.14";"3"
"Vein-Thirst Kukri";"4";"370";"10";"20";"10";"1.12";"1.08";"6"
"Dirk of the Fallen";"4";"370";"13.5";"27";"20";"1.13";"1.13";"2"
"Peerless Atlan Dagger of Black Fire";"4";"400";"3.6";"8";"15";"1.07";"1.07";"6"
"Superior Atlan Dagger of Black Fire";"4";"400";"3.6";"8";"15";"1.05";"1.05";"6"
"Fine Atlan Dagger of Black Fire";"4";"400";"10.8";"24";"15";"1.03";"1.03";"6"
"Quality Isparian Mace";"5";"20";"11";"22";"35";"1.04";"1.04";"2"
"Quality Chilling Isparian Mace";"5";"20";"11";"22";"35";"1.04";"1.04";"4"
"Quality Chilling Isparian Mace";"5";"20";"11";"22";"35";"1.04";"1.04";"4"
"Quality Flaming Isparian Mace";"5";"20";"11";"22";"35";"1.04";"1.04";"4"
"Quality Flaming Isparian Mace";"5";"20";"11";"22";"35";"1.04";"1.04";"4"
"Quality Coruscating Isparian Mace";"5";"20";"11";"22";"35";"1.04";"1.04";"4"
"Quality Coruscating Isparian Mace";"5";"20";"11";"22";"35";"1.04";"1.04";"4"
"Quality Dissolving Isparian Mace";"5";"20";"11";"22";"35";"1.04";"1.04";"4"
"Quality Dissolving Isparian Mace";"5";"20";"11";"22";"35";"1.04";"1.04";"4"
"Quality Shimmering Isparian Mace";"5";"20";"11";"22";"35";"1.04";"1.04";"3"
"Dauloi";"5";"30";"9.6";"24";"40";"1.12";"1.12";"5"
"Good Isparian Mace";"5";"30";"13";"26";"35";"1.06";"1.06";"3"
"Good Chilling Isparian Mace";"5";"30";"13";"26";"35";"1.06";"1.06";"5"
"Good Chilling Isparian Mace";"5";"30";"13";"26";"35";"1.06";"1.06";"5"
"Good Flaming Isparian Mace";"5";"30";"13";"26";"35";"1.06";"1.06";"5"
"Good Flaming Isparian Mace";"5";"30";"13";"26";"35";"1.06";"1.06";"5"
"Good Coruscating Isparian Mace";"5";"30";"13";"26";"35";"1.06";"1.06";"5"
"Good Coruscating Isparian Mace";"5";"30";"13";"26";"35";"1.06";"1.06";"5"
"Good Dissolving Isparian Mace";"5";"30";"13";"26";"35";"1.06";"1.06";"5"
"Good Dissolving Isparian Mace";"5";"30";"13";"26";"35";"1.06";"1.06";"5"
"Good Shimmering Isparian Mace";"5";"30";"13";"26";"35";"1.06";"1.06";"4"
"Assault Mace";"5";"30";"13";"26";"40";"1.06";"1.06";"4"
"Superb Isparian Mace";"5";"40";"15";"30";"35";"1.08";"1.08";"3"
"Superb Chilling Isparian Mace";"5";"40";"15";"30";"35";"1.08";"1.08";"5"
"Superb Chilling Isparian Mace";"5";"40";"15";"30";"35";"1.08";"1.08";"5"
"Superb Flaming Isparian Mace";"5";"40";"15";"30";"35";"1.08";"1.08";"5"
"Superb Flaming Isparian Mace";"5";"40";"15";"30";"35";"1.08";"1.08";"5"
"Superb Coruscating Isparian Mace";"5";"40";"15";"30";"35";"1.08";"1.08";"5"
"Superb Coruscating Isparian Mace";"5";"40";"15";"30";"35";"1.08";"1.08";"5"
"Superb Dissolving Isparian Mace";"5";"40";"15";"30";"35";"1.08";"1.08";"5"
"Superb Dissolving Isparian Mace";"5";"40";"15";"30";"35";"1.08";"1.08";"5"
"Superb Shimmering Isparian Mace";"5";"40";"15";"30";"35";"1.08";"1.08";"4"
"Perfect Isparian Mace";"5";"50";"17";"34";"35";"1.1";"1.1";"3"
"Perfect Chilling Isparian Mace";"5";"50";"17";"34";"35";"1.1";"1.1";"5"
"Perfect Chilling Isparian Mace";"5";"50";"17";"34";"35";"1.1";"1.1";"5"
"Perfect Flaming Isparian Mace";"5";"50";"17";"34";"35";"1.1";"1.1";"5"
"Perfect Flaming Isparian Mace";"5";"50";"17";"34";"35";"1.1";"1.1";"5"
"Perfect Coruscating Isparian Mace";"5";"50";"17";"34";"35";"1.1";"1.1";"5"
"Perfect Coruscating Isparian Mace";"5";"50";"17";"34";"35";"1.1";"1.1";"5"
"Perfect Dissolving Isparian Mace";"5";"50";"17";"34";"35";"1.1";"1.1";"5"
"Perfect Dissolving Isparian Mace";"5";"50";"17";"34";"35";"1.1";"1.1";"5"
"Perfect Shimmering Isparian Mace";"5";"50";"17";"34";"35";"1.1";"1.1";"4"
"Mace of Dissonance";"5";"100";"23";"46";"40";"1.1";"1.06";"5"
"Vanguard Leader's Morningstar";"5";"150";"9";"18";"60";"1";"1";"4"
"Mi Krau-Li's Jitte";"5";"150";"10";"20";"30";"1.05";"1.06";"2"
"Lugian Club";"5";"250";"11";"22";"70";"1";"1";"0"
"Lugian Board with Nail";"5";"250";"11";"22";"80";"1";"1";"0"
"Tanae's Waaika of the Forests";"5";"250";"11.4";"22";"40";"1.08";"1.08";"3"
"Palenqual's Waaika of the Heights";"5";"250";"11.4";"22";"40";"1.08";"1.08";"9"
"Audetaunga's Waaika of the Mountains";"5";"250";"11.4";"22";"40";"1.08";"1.08";"3"
"Volkama's Waaika of the Rivers";"5";"250";"11.4";"22";"40";"1.08";"1.08";"3"
"Palenqual's Waaika of the Vortex";"5";"250";"11.4";"22";"40";"1.08";"1.08";"9"
"Palenqual's Waaika of the Chase";"5";"250";"11.4";"22";"40";"1.08";"1.08";"9"
"Lugian Mace";"5";"250";"11.5";"23";"80";"1";"1";"0"
"Peerless Atlan Mace";"5";"250";"15.6";"26";"35";"1.07";"1.07";"0"
"Peerless Shivering Atlan Mace";"5";"250";"15.6";"26";"35";"1.07";"1.07";"6"
"Peerless Shivering Atlan Mace";"5";"250";"15.6";"26";"35";"1.07";"1.07";"6"
"Peerless Smoldering Atlan Mace";"5";"250";"15.6";"26";"35";"1.07";"1.07";"6"
"Peerless Smoldering Atlan Mace";"5";"250";"15.6";"26";"35";"1.07";"1.07";"6"
"Peerless Sparking Atlan Mace";"5";"250";"15.6";"26";"35";"1.07";"1.07";"6"
"Peerless Sparking Atlan Mace";"5";"250";"15.6";"26";"35";"1.07";"1.07";"6"
"Peerless Stinging Atlan Mace";"5";"250";"15.6";"26";"35";"1.07";"1.07";"6"
"Peerless Stinging Atlan Mace";"5";"250";"15.6";"26";"35";"1.07";"1.07";"6"
"Superior Atlan Mace";"5";"250";"15.6";"26";"35";"1.05";"1.05";"0"
"Superior Shivering Atlan Mace";"5";"250";"15.6";"26";"35";"1.05";"1.05";"6"
"Superior Shivering Atlan Mace";"5";"250";"15.6";"26";"35";"1.05";"1.05";"6"
"Superior Smoldering Atlan Mace";"5";"250";"15.6";"26";"35";"1.05";"1.05";"6"
"Superior Smoldering Atlan Mace";"5";"250";"15.6";"26";"35";"1.05";"1.05";"6"
"Superior Sparking Atlan Mace";"5";"250";"15.6";"26";"35";"1.05";"1.05";"6"
"Superior Sparking Atlan Mace";"5";"250";"15.6";"26";"35";"1.05";"1.05";"6"
"Superior Stinging Atlan Mace";"5";"250";"15.6";"26";"35";"1.05";"1.05";"6"
"Superior Stinging Atlan Mace";"5";"250";"15.6";"26";"35";"1.05";"1.05";"6"
"Fine Atlan Mace";"5";"250";"15.6";"26";"35";"1.03";"1.03";"0"
"Fine Shivering Atlan Mace";"5";"250";"15.6";"26";"35";"1.03";"1.03";"6"
"Fine Shivering Atlan Mace";"5";"250";"15.6";"26";"35";"1.03";"1.03";"6"
"Fine Smoldering Atlan Mace";"5";"250";"15.6";"26";"35";"1.03";"1.03";"6"
"Fine Smoldering Atlan Mace";"5";"250";"15.6";"26";"35";"1.03";"1.03";"6"
"Fine Sparking Atlan Mace";"5";"250";"15.6";"26";"35";"1.03";"1.03";"6"
"Fine Sparking Atlan Mace";"5";"250";"15.6";"26";"35";"1.03";"1.03";"6"
"Fine Stinging Atlan Mace";"5";"250";"15.6";"26";"35";"1.03";"1.03";"6"
"Fine Stinging Atlan Mace";"5";"250";"15.6";"26";"35";"1.03";"1.03";"6"
"Mi Krau-Li's Improved Jitte";"5";"250";"13";"26";"25";"1.08";"1.1";"4"
"Lugian Morning Star";"5";"250";"13.5";"27";"140";"1";"1";"0"
"Scepter of Might";"5";"250";"14.5";"29";"80";"1";"1";"4"
"Fang Mace";"5";"250";"15";"30";"60";"1.05";"1.05";"0"
"Singularity Mace";"5";"250";"18";"36";"40";"1.07";"1.07";"3"
"Bound Singularity Mace";"5";"250";"18";"36";"40";"1.07";"1.07";"3"
"Deadly Hollow Mace";"5";"250";"12.2";"49";"30";"1.1";"1";"0"
"Phantom Mace";"5";"275";"2.8";"7";"30";"1.15";"1";"0"
"Osseous Mace";"5";"300";"15";"30";"40";"1.12";"1.12";"7"
"Banished Mace";"5";"300";"20.5";"41";"40";"1.06";"1.06";"2"
"Razorbound Flange";"5";"320";"16.8";"48";"45";"1.1";"1.08";"5"
"Weeping Mace";"5";"325";"7.8";"31";"35";"1.05";"1";"5"
"Acidic Weeping Mace";"5";"325";"7.8";"31";"35";"1.05";"1";"5"
"Electric Weeping Mace";"5";"325";"7.8";"31";"35";"1.05";"1";"5"
"Flaming Weeping Mace";"5";"325";"7.8";"31";"35";"1.05";"1";"5"
"Frozen Weeping Mace";"5";"325";"7.8";"31";"35";"1.05";"1";"5"
"Scepter of Thunderous Might";"5";"325";"18";"36";"60";"1.11";"1.11";"5"
"Renegade Mace";"5";"325";"9.5";"38";"40";"1.14";"1.14";"3"
"Noble Morning Star";"5";"325";"13.3";"38";"50";"1.09";"1.09";"6"
"Burun Slaying Morning Star";"5";"325";"13.3";"38";"50";"1.09";"1.09";"6"
"Regal Morning Star";"5";"325";"15";"43";"50";"1.1";"1.1";"6"
"Ultimate Singularity Mace";"5";"325";"22.5";"45";"40";"1.08";"1.08";"4"
"Razorbound Flange";"5";"355";"18.9";"54";"45";"1.11";"1.09";"5"
"Ishaq's Mace";"5";"370";"20";"40";"40";"1.13";"1.08";"4"
"Mace of the Fallen";"5";"370";"20.5";"41";"40";"1.13";"1.13";"2"
"Razorbound Flange";"5";"380";"21.7";"62";"45";"1.12";"1.1";"6"
"Peerless Atlan Mace of Black Fire";"5";"400";"25.2";"42";"35";"1.07";"1.07";"6"
"Superior Atlan Mace of Black Fire";"5";"400";"25.2";"42";"35";"1.05";"1.05";"6"
"Fine Atlan Mace of Black Fire";"5";"400";"25.2";"42";"35";"1.03";"1.03";"6"
"Spear of Purity";"9";"3";"7";"14";"30";"1.05";"1.05";"6"
"Quality Isparian Spear";"9";"20";"12";"20";"20";"1.04";"1.04";"2"
"Quality Chilling Isparian Spear";"9";"20";"12";"20";"20";"1.04";"1.04";"4"
"Quality Chilling Isparian Spear";"9";"20";"12";"20";"20";"1.04";"1.04";"4"
"Quality Flaming Isparian Spear";"9";"20";"12";"20";"20";"1.04";"1.04";"4"
"Quality Flaming Isparian Spear";"9";"20";"12";"20";"20";"1.04";"1.04";"4"
"Quality Coruscating Isparian Spear";"9";"20";"12";"20";"20";"1.04";"1.04";"4"
"Quality Coruscating Isparian Spear";"9";"20";"12";"20";"20";"1.04";"1.04";"4"
"Quality Dissolving Isparian Spear";"9";"20";"12";"20";"20";"1.04";"1.04";"4"
"Quality Dissolving Isparian Spear";"9";"20";"12";"20";"20";"1.04";"1.04";"4"
"Quality Shimmering Isparian Spear";"9";"20";"12";"20";"20";"1.04";"1.04";"3"
"Strand Siraluun Taiaha";"9";"30";"8.4";"14";"30";"1.08";"1";"2"
"Tauraloi";"9";"30";"10.8";"18";"30";"1.12";"1.12";"5"
"Good Isparian Spear";"9";"30";"14.4";"24";"20";"1.06";"1.06";"3"
"Good Chilling Isparian Spear";"9";"30";"14.4";"24";"20";"1.06";"1.06";"5"
"Good Chilling Isparian Spear";"9";"30";"14.4";"24";"20";"1.06";"1.06";"5"
"Good Flaming Isparian Spear";"9";"30";"14.4";"24";"20";"1.06";"1.06";"5"
"Good Flaming Isparian Spear";"9";"30";"14.4";"24";"20";"1.06";"1.06";"5"
"Good Coruscating Isparian Spear";"9";"30";"14.4";"24";"20";"1.06";"1.06";"5"
"Good Coruscating Isparian Spear";"9";"30";"14.4";"24";"20";"1.06";"1.06";"5"
"Good Dissolving Isparian Spear";"9";"30";"14.4";"24";"20";"1.06";"1.06";"5"
"Good Dissolving Isparian Spear";"9";"30";"14.4";"24";"20";"1.06";"1.06";"5"
"Good Shimmering Isparian Spear";"9";"30";"14.4";"24";"20";"1.06";"1.06";"4"
"Assault Spear";"9";"30";"18";"24";"25";"1.06";"1.06";"4"
"Superb Isparian Spear";"9";"40";"15.6";"26";"20";"1.08";"1.08";"3"
"Superb Chilling Isparian Spear";"9";"40";"15.6";"26";"20";"1.08";"1.08";"5"
"Superb Chilling Isparian Spear";"9";"40";"15.6";"26";"20";"1.08";"1.08";"5"
"Superb Flaming Isparian Spear";"9";"40";"15.6";"26";"20";"1.08";"1.08";"5"
"Superb Flaming Isparian Spear";"9";"40";"15.6";"26";"20";"1.08";"1.08";"5"
"Superb Coruscating Isparian Spear";"9";"40";"15.6";"26";"20";"1.08";"1.08";"5"
"Superb Coruscating Isparian Spear";"9";"40";"15.6";"26";"20";"1.08";"1.08";"5"
"Superb Dissolving Isparian Spear";"9";"40";"15.6";"26";"20";"1.08";"1.08";"5"
"Superb Dissolving Isparian Spear";"9";"40";"15.6";"26";"20";"1.08";"1.08";"5"
"Superb Shimmering Isparian Spear";"9";"40";"15.6";"26";"20";"1.08";"1.08";"4"
"Spear of Purity";"9";"40";"14";"28";"30";"1.05";"1.05";"7"
"Perfect Isparian Spear";"9";"50";"16.8";"28";"20";"1.1";"1.1";"3"
"Perfect Chilling Isparian Spear";"9";"50";"16.8";"28";"20";"1.1";"1.1";"5"
"Perfect Chilling Isparian Spear";"9";"50";"16.8";"28";"20";"1.1";"1.1";"5"
"Perfect Flaming Isparian Spear";"9";"50";"16.8";"28";"20";"1.1";"1.1";"5"
"Perfect Flaming Isparian Spear";"9";"50";"16.8";"28";"20";"1.1";"1.1";"5"
"Perfect Coruscating Isparian Spear";"9";"50";"16.8";"28";"20";"1.1";"1.1";"5"
"Perfect Coruscating Isparian Spear";"9";"50";"16.8";"28";"20";"1.1";"1.1";"5"
"Perfect Dissolving Isparian Spear";"9";"50";"16.8";"28";"20";"1.1";"1.1";"5"
"Perfect Dissolving Isparian Spear";"9";"50";"16.8";"28";"20";"1.1";"1.1";"5"
"Perfect Shimmering Isparian Spear";"9";"50";"16.8";"28";"20";"1.1";"1.1";"4"
"Yaja's Reach";"9";"90";"25.2";"42";"30";"1.1";"1.1";"5"
"Tanae's Taiaha of the Forests";"9";"250";"10.8";"20";"30";"1.08";"1.08";"3"
"Palenqual's Taiaha of the Heights";"9";"250";"10.8";"20";"30";"1.08";"1.08";"9"
"Audetaunga's Taiaha of the Mountains";"9";"250";"10.8";"20";"30";"1.08";"1.08";"3"
"Volkama's Taiaha of the Rivers";"9";"250";"10.8";"20";"30";"1.08";"1.08";"3"
"Palenqual's Taiaha of the Vortex";"9";"250";"10.8";"20";"30";"1.08";"1.08";"9"
"Palenqual's Taiaha of the Chase";"9";"250";"10.8";"20";"30";"1.08";"1.08";"9"
"Spear of the Given Heart";"9";"250";"13.2";"22";"20";"1.1";"1.1";"3"
"Peerless Atlan Spear";"9";"250";"14.4";"24";"20";"1.07";"1.07";"0"
"Peerless Shivering Atlan Spear";"9";"250";"14.4";"24";"20";"1.07";"1.07";"6"
"Peerless Shivering Atlan Spear";"9";"250";"14.4";"24";"20";"1.07";"1.07";"6"
"Peerless Smoldering Atlan Spear";"9";"250";"14.4";"24";"20";"1.07";"1.07";"6"
"Peerless Smoldering Atlan Spear";"9";"250";"14.4";"24";"20";"1.07";"1.07";"6"
"Peerless Sparking Atlan Spear";"9";"250";"14.4";"24";"20";"1.07";"1.07";"6"
"Peerless Sparking Atlan Spear";"9";"250";"14.4";"24";"20";"1.07";"1.07";"6"
"Peerless Stinging Atlan Spear";"9";"250";"14.4";"24";"20";"1.07";"1.07";"6"
"Peerless Stinging Atlan Spear";"9";"250";"14.4";"24";"20";"1.07";"1.07";"6"
"Superior Atlan Spear";"9";"250";"14.4";"24";"20";"1.05";"1.05";"0"
"Superior Shivering Atlan Spear";"9";"250";"14.4";"24";"20";"1.05";"1.05";"6"
"Superior Shivering Atlan Spear";"9";"250";"14.4";"24";"20";"1.05";"1.05";"6"
"Superior Smoldering Atlan Spear";"9";"250";"14.4";"24";"20";"1.05";"1.05";"6"
"Superior Smoldering Atlan Spear";"9";"250";"14.4";"24";"20";"1.05";"1.05";"6"
"Superior Sparking Atlan Spear";"9";"250";"14.4";"24";"20";"1.05";"1.05";"6"
"Superior Sparking Atlan Spear";"9";"250";"14.4";"24";"20";"1.05";"1.05";"6"
"Superior Stinging Atlan Spear";"9";"250";"14.4";"24";"20";"1.05";"1.05";"6"
"Superior Stinging Atlan Spear";"9";"250";"14.4";"24";"20";"1.05";"1.05";"6"
"Fine Atlan Spear";"9";"250";"14.4";"24";"20";"1.03";"1.03";"0"
"Fine Shivering Atlan Spear";"9";"250";"14.4";"24";"20";"1.03";"1.03";"6"
"Fine Shivering Atlan Spear";"9";"250";"14.4";"24";"20";"1.03";"1.03";"6"
"Fine Smoldering Atlan Spear";"9";"250";"14.4";"24";"20";"1.03";"1.03";"6"
"Fine Smoldering Atlan Spear";"9";"250";"14.4";"24";"20";"1.03";"1.03";"6"
"Fine Sparking Atlan Spear";"9";"250";"14.4";"24";"20";"1.03";"1.03";"6"
"Fine Sparking Atlan Spear";"9";"250";"14.4";"24";"20";"1.03";"1.03";"6"
"Fine Stinging Atlan Spear";"9";"250";"14.4";"24";"20";"1.03";"1.03";"6"
"Fine Stinging Atlan Spear";"9";"250";"14.4";"24";"20";"1.03";"1.03";"6"
"Singularity Spear";"9";"250";"13.5";"27";"30";"1.07";"1.07";"3"
"Bound Singularity Spear";"9";"250";"13.5";"27";"30";"1.07";"1.07";"3"
"Deadly Hollow Spear";"9";"250";"19.2";"48";"30";"1.1";"1";"0"
"Phantom Spear";"9";"275";"1.8";"6";"30";"1.15";"1";"0"
"Serpent's Fang";"9";"300";"17.2";"26";"30";"1.12";"1.1";"6"
"Lance of the Bloodletter";"9";"300";"9";"30";"15";"1.08";"1.1";"5"
"Ebon Spine Harpoon";"9";"300";"13.5";"30";"40";"1.1";"1.1";"2"
"Banished Spear";"9";"300";"16";"32";"30";"1.06";"1.06";"2"
"Noble Swordstaff";"9";"325";"18";"30";"25";"1.09";"1.09";"6"
"Burun Slaying Swordstaff";"9";"325";"18";"30";"25";"1.09";"1.09";"6"
"Cyphis Suldow's Half Moon Spear";"9";"325";"18";"30";"30";"1.06";"1.08";"4"
"Weeping Spear";"9";"325";"14.8";"33";"20";"1.05";"1";"5"
"Acidic Weeping Spear";"9";"325";"14.8";"33";"20";"1.05";"1";"5"
"Electric Weeping Spear";"9";"325";"14.8";"33";"20";"1.05";"1";"5"
"Flaming Weeping Spear";"9";"325";"14.8";"33";"20";"1.05";"1";"5"
"Frozen Weeping Spear";"9";"325";"14.8";"33";"20";"1.05";"1";"5"
"Ultimate Singularity Spear";"9";"325";"18";"36";"30";"1.08";"1.08";"4"
"Regal Swordstaff";"9";"325";"19";"38";"25";"1.1";"1.1";"6"
"Olthoi Spear";"9";"325";"33";"55";"25";"1.13";"1.13";"5"
"Lance of the Bloodletter";"9";"350";"16.8";"56";"15";"1.1";"1.12";"5"
"Spear of the Fallen";"9";"370";"18";"36";"30";"1.13";"1.13";"2"
"Lance of the Bloodletter";"9";"370";"18";"60";"15";"1.08";"1.1";"6"
"Peerless Atlan Spear of Black Fire";"9";"400";"24";"40";"20";"1.07";"1.07";"6"
"Superior Atlan Spear of Black Fire";"9";"400";"24";"40";"20";"1.05";"1.05";"6"
"Fine Atlan Spear of Black Fire";"9";"400";"24";"40";"20";"1.03";"1.03";"6"
"Littoral Siraluun Hoeroa";"10";"20";"5.5";"11";"20";"1.05";"1.04";"3"
"Quality Isparian Staff";"10";"20";"8.5";"17";"20";"1.04";"1.04";"2"
"Quality Chilling Isparian Staff";"10";"20";"8.5";"17";"20";"1.04";"1.04";"4"
"Quality Chilling Isparian Staff";"10";"20";"8.5";"17";"20";"1.04";"1.04";"4"
"Quality Flaming Isparian Staff";"10";"20";"8.5";"17";"20";"1.04";"1.04";"4"
"Quality Flaming Isparian Staff";"10";"20";"8.5";"17";"20";"1.04";"1.04";"4"
"Quality Coruscating Isparian Staff";"10";"20";"8.5";"17";"20";"1.04";"1.04";"4"
"Quality Coruscating Isparian Staff";"10";"20";"8.5";"17";"20";"1.04";"1.04";"4"
"Quality Dissolving Isparian Staff";"10";"20";"8.5";"17";"20";"1.04";"1.04";"4"
"Quality Dissolving Isparian Staff";"10";"20";"8.5";"17";"20";"1.04";"1.04";"4"
"Quality Shimmering Isparian Staff";"10";"20";"8.5";"17";"20";"1.04";"1.04";"3"
"Assault Staff";"10";"30";"6.5";"13";"25";"1.06";"1.06";"4"
"Falauloi";"10";"30";"5.6";"14";"15";"1.12";"1.12";"5"
"Good Isparian Staff";"10";"30";"10.5";"21";"20";"1.06";"1.06";"3"
"Good Chilling Isparian Staff";"10";"30";"10.5";"21";"20";"1.06";"1.06";"5"
"Good Chilling Isparian Staff";"10";"30";"10.5";"21";"20";"1.06";"1.06";"5"
"Good Flaming Isparian Staff";"10";"30";"10.5";"21";"20";"1.06";"1.06";"5"
"Good Flaming Isparian Staff";"10";"30";"10.5";"21";"20";"1.06";"1.06";"5"
"Good Coruscating Isparian Staff";"10";"30";"10.5";"21";"20";"1.06";"1.06";"5"
"Good Coruscating Isparian Staff";"10";"30";"10.5";"21";"20";"1.06";"1.06";"5"
"Good Dissolving Isparian Staff";"10";"30";"10.5";"21";"20";"1.06";"1.06";"5"
"Good Dissolving Isparian Staff";"10";"30";"10.5";"21";"20";"1.06";"1.06";"5"
"Good Shimmering Isparian Staff";"10";"30";"10.5";"21";"20";"1.06";"1.06";"4"
"Superb Isparian Staff";"10";"40";"11.5";"23";"20";"1.08";"1.08";"3"
"Superb Chilling Isparian Staff";"10";"40";"11.5";"23";"20";"1.08";"1.08";"5"
"Superb Chilling Isparian Staff";"10";"40";"11.5";"23";"20";"1.08";"1.08";"5"
"Superb Flaming Isparian Staff";"10";"40";"11.5";"23";"20";"1.08";"1.08";"5"
"Superb Flaming Isparian Staff";"10";"40";"11.5";"23";"20";"1.08";"1.08";"5"
"Superb Coruscating Isparian Staff";"10";"40";"11.5";"23";"20";"1.08";"1.08";"5"
"Superb Coruscating Isparian Staff";"10";"40";"11.5";"23";"20";"1.08";"1.08";"5"
"Superb Dissolving Isparian Staff";"10";"40";"11.5";"23";"20";"1.08";"1.08";"5"
"Superb Dissolving Isparian Staff";"10";"40";"11.5";"23";"20";"1.08";"1.08";"5"
"Superb Shimmering Isparian Staff";"10";"40";"11.5";"23";"20";"1.08";"1.08";"4"
"Perfect Isparian Staff";"10";"50";"12.5";"25";"20";"1.1";"1.1";"3"
"Perfect Chilling Isparian Staff";"10";"50";"12.5";"25";"20";"1.1";"1.1";"5"
"Perfect Chilling Isparian Staff";"10";"50";"12.5";"25";"20";"1.1";"1.1";"5"
"Perfect Flaming Isparian Staff";"10";"50";"12.5";"25";"20";"1.1";"1.1";"5"
"Perfect Flaming Isparian Staff";"10";"50";"12.5";"25";"20";"1.1";"1.1";"5"
"Perfect Coruscating Isparian Staff";"10";"50";"12.5";"25";"20";"1.1";"1.1";"5"
"Perfect Coruscating Isparian Staff";"10";"50";"12.5";"25";"20";"1.1";"1.1";"5"
"Perfect Dissolving Isparian Staff";"10";"50";"12.5";"25";"20";"1.1";"1.1";"5"
"Perfect Dissolving Isparian Staff";"10";"50";"12.5";"25";"20";"1.1";"1.1";"5"
"Perfect Shimmering Isparian Staff";"10";"50";"12.5";"25";"20";"1.1";"1.1";"4"
"Gikar's Dream";"10";"100";"12.5";"25";"25";"1.09";"1.09";"5"
"Soul Staff";"10";"250";"3.2";"13";"20";"1.08";"1.08";"4"
"Tanae's Hoeroa of the Forests";"10";"250";"9.7";"17";"20";"1.08";"1.08";"3"
"Palenqual's Hoeroa of the Heights";"10";"250";"9.7";"17";"20";"1.08";"1.08";"9"
"Audetaunga's Hoeroa of the Mountains";"10";"250";"9.7";"17";"20";"1.08";"1.08";"3"
"Volkama's Hoeroa of the Rivers";"10";"250";"9.7";"17";"20";"1.08";"1.08";"3"
"Palenqual's Hoeroa of the Vortex";"10";"250";"9.7";"17";"20";"1.08";"1.08";"9"
"Palenqual's Hoeroa of the Chase";"10";"250";"9.7";"17";"20";"1.08";"1.08";"9"
"Singularity Staff";"10";"250";"8.1";"18";"30";"1.07";"1.07";"3"
"Bound Singularity Staff";"10";"250";"8.1";"18";"30";"1.07";"1.07";"3"
"Peerless Shivering Atlan Staff";"10";"250";"5.2";"21";"20";"1.07";"1.07";"6"
"Peerless Smoldering Atlan Staff";"10";"250";"5.2";"21";"20";"1.07";"1.07";"6"
"Peerless Sparking Atlan Staff";"10";"250";"5.2";"21";"20";"1.07";"1.07";"6"
"Peerless Stinging Atlan Staff";"10";"250";"5.2";"21";"20";"1.07";"1.07";"6"
"Peerless Atlan Staff";"10";"250";"5.2";"21";"20";"1.07";"1.07";"0"
"Superior Shivering Atlan Staff";"10";"250";"5.2";"21";"20";"1.05";"1.05";"6"
"Superior Smoldering Atlan Staff";"10";"250";"5.2";"21";"20";"1.05";"1.05";"6"
"Superior Sparking Atlan Staff";"10";"250";"5.2";"21";"20";"1.05";"1.05";"6"
"Superior Stinging Atlan Staff";"10";"250";"5.2";"21";"20";"1.05";"1.05";"6"
"Superior Atlan Staff";"10";"250";"5.2";"21";"20";"1.05";"1.05";"0"
"Fine Shivering Atlan Staff";"10";"250";"5.2";"21";"20";"1.03";"1.03";"6"
"Fine Smoldering Atlan Staff";"10";"250";"5.2";"21";"20";"1.03";"1.03";"6"
"Fine Sparking Atlan Staff";"10";"250";"5.2";"21";"20";"1.03";"1.03";"6"
"Fine Stinging Atlan Staff";"10";"250";"5.2";"21";"20";"1.03";"1.03";"6"
"Fine Atlan Staff";"10";"250";"5.2";"21";"20";"1.03";"1.03";"0"
"Fine Stinging Atlan Staff";"10";"250";"5.2";"21";"20";"1.03";"1.03";"6"
"Peerless Shivering Atlan Staff";"10";"250";"5.2";"21";"20";"1.07";"1.07";"6"
"Peerless Smoldering Atlan Staff";"10";"250";"5.2";"21";"20";"1.07";"1.07";"6"
"Peerless Sparking Atlan Staff";"10";"250";"5.2";"21";"20";"1.07";"1.07";"6"
"Peerless Stinging Atlan Staff";"10";"250";"5.2";"21";"20";"1.07";"1.07";"6"
"Superior Shivering Atlan Staff";"10";"250";"5.2";"21";"20";"1.05";"1.05";"6"
"Superior Smoldering Atlan Staff";"10";"250";"5.2";"21";"20";"1.05";"1.05";"6"
"Superior Sparking Atlan Staff";"10";"250";"5.2";"21";"20";"1.05";"1.05";"6"
"Superior Stinging Atlan Staff";"10";"250";"5.2";"21";"20";"1.05";"1.05";"6"
"Fine Shivering Atlan Staff";"10";"250";"5.2";"21";"20";"1.03";"1.03";"6"
"Fine Smoldering Atlan Staff";"10";"250";"5.2";"21";"20";"1.03";"1.03";"6"
"Fine Sparking Atlan Staff";"10";"250";"5.2";"21";"20";"1.03";"1.03";"6"
"Vile Scourge";"10";"250";"10.5";"21";"10";"1.09";"1.09";"4"
"Deadly Hollow Staff";"10";"250";"12.6";"42";"20";"1.1";"1";"0"
"Phantom Staff";"10";"275";"0.5";"5";"20";"1.15";"1";"0"
"Barbed Crop";"10";"300";"9.6";"16";"20";"1.1";"1.1";"2"
"Banished Staff";"10";"300";"15";"25";"25";"1.06";"1.06";"2"
"Vile Scourge";"10";"300";"17";"34";"10";"1.1";"1.1";"5"
"Noble Quarterstaff";"10";"325";"12.1";"22";"25";"1.09";"1.09";"6"
"Burun Slaying Quarterstaff";"10";"325";"12.1";"22";"25";"1.09";"1.09";"6"
"Weeping Staff";"10";"325";"6.2";"25";"20";"1.05";"1";"5"
"Acidic Weeping Staff";"10";"325";"6.2";"25";"20";"1.05";"1";"5"
"Electric Weeping Staff";"10";"325";"6.2";"25";"20";"1.05";"1";"5"
"Flaming Weeping Staff";"10";"325";"6.2";"25";"20";"1.05";"1";"5"
"Frozen Weeping Staff";"10";"325";"6.2";"25";"20";"1.05";"1";"5"
"Untamed Sirluun Pikestaff";"10";"325";"12.5";"25";"20";"1.08";"1.08";"5"
"Ultimate Singularity Staff";"10";"325";"11.7";"26";"30";"1.08";"1.08";"4"
"Staff of the Nomads";"10";"325";"8.4";"28";"40";"1.15";"1.15";"8"
"Noble Quarterstaff";"10";"325";"15.4";"28";"25";"1.1";"1.1";"6"
"Staff of Coercion";"10";"325";"8";"32";"40";"1.09";"1.07";"4"
"Vile Scourge";"10";"350";"18.5";"37";"10";"1.11";"1.1";"6"
"Staff of the Fallen";"10";"370";"15";"25";"25";"1.13";"1.13";"2"
"Vile Scourge";"10";"370";"22";"44";"10";"1.12";"1.1";"6"
"Peerless Atlan Staff of Black Fire";"10";"400";"9.2";"37";"20";"1.07";"1.07";"6"
"Superior Atlan Staff of Black Fire";"10";"400";"9.2";"37";"20";"1.05";"1.05";"6"
"Fine Atlan Staff of Black Fire";"10";"400";"9.2";"37";"20";"1.03";"1.03";"6"
"Ulgrim's Sword";"10";"2000";"80";"80";"200";"1";"1";"0"
"Quality Isparian Sword";"11";"20";"12.5";"25";"35";"1.04";"1.04";"2"
"Quality Chilling Isparian Sword";"11";"20";"12.5";"25";"35";"1.04";"1.04";"4"
"Quality Chilling Isparian Sword";"11";"20";"12.5";"25";"35";"1.04";"1.04";"4"
"Quality Flaming Isparian Sword";"11";"20";"12.5";"25";"35";"1.04";"1.04";"4"
"Quality Flaming Isparian Sword";"11";"20";"12.5";"25";"35";"1.04";"1.04";"4"
"Quality Coruscating Isparian Sword";"11";"20";"12.5";"25";"35";"1.04";"1.04";"4"
"Quality Coruscating Isparian Sword";"11";"20";"12.5";"25";"35";"1.04";"1.04";"4"
"Quality Dissolving Isparian Sword";"11";"20";"12.5";"25";"35";"1.04";"1.04";"4"
"Quality Dissolving Isparian Sword";"11";"20";"12.5";"25";"35";"1.04";"1.04";"4"
"Quality Shimmering Isparian Sword";"11";"20";"12.5";"25";"35";"1.04";"1.04";"3"
"Good Isparian Sword";"11";"30";"15";"30";"35";"1.06";"1.06";"3"
"Good Chilling Isparian Sword";"11";"30";"15";"30";"35";"1.06";"1.06";"5"
"Good Chilling Isparian Sword";"11";"30";"15";"30";"35";"1.06";"1.06";"5"
"Good Flaming Isparian Sword";"11";"30";"15";"30";"35";"1.06";"1.06";"5"
"Good Flaming Isparian Sword";"11";"30";"15";"30";"35";"1.06";"1.06";"5"
"Good Coruscating Isparian Sword";"11";"30";"15";"30";"35";"1.06";"1.06";"5"
"Good Coruscating Isparian Sword";"11";"30";"15";"30";"35";"1.06";"1.06";"5"
"Good Dissolving Isparian Sword";"11";"30";"15";"30";"35";"1.06";"1.06";"5"
"Good Dissolving Isparian Sword";"11";"30";"15";"30";"35";"1.06";"1.06";"5"
"Good Shimmering Isparian Sword";"11";"30";"15";"30";"35";"1.06";"1.06";"4"
"Raudaloi";"11";"30";"15";"30";"30";"1.12";"1.12";"5"
"Assault Sword";"11";"30";"15";"30";"40";"1.06";"1.06";"4"
"Superb Isparian Sword";"11";"40";"17.5";"35";"35";"1.08";"1.08";"3"
"Superb Chilling Isparian Sword";"11";"40";"17.5";"35";"35";"1.08";"1.08";"5"
"Superb Chilling Isparian Sword";"11";"40";"17.5";"35";"35";"1.08";"1.08";"5"
"Superb Flaming Isparian Sword";"11";"40";"17.5";"35";"35";"1.08";"1.08";"5"
"Superb Flaming Isparian Sword";"11";"40";"17.5";"35";"35";"1.08";"1.08";"5"
"Superb Coruscating Isparian Sword";"11";"40";"17.5";"35";"35";"1.08";"1.08";"5"
"Superb Coruscating Isparian Sword";"11";"40";"17.5";"35";"35";"1.08";"1.08";"5"
"Superb Dissolving Isparian Sword";"11";"40";"17.5";"35";"35";"1.08";"1.08";"5"
"Superb Dissolving Isparian Sword";"11";"40";"17.5";"35";"35";"1.08";"1.08";"5"
"Superb Shimmering Isparian Sword";"11";"40";"17.5";"35";"35";"1.08";"1.08";"4"
"Perfect Isparian Sword";"11";"50";"20";"40";"35";"1.1";"1.1";"3"
"Perfect Chilling Isparian Sword";"11";"50";"20";"40";"35";"1.1";"1.1";"5"
"Perfect Chilling Isparian Sword";"11";"50";"20";"40";"35";"1.1";"1.1";"5"
"Perfect Flaming Isparian Sword";"11";"50";"20";"40";"35";"1.1";"1.1";"5"
"Perfect Flaming Isparian Sword";"11";"50";"20";"40";"35";"1.1";"1.1";"5"
"Perfect Coruscating Isparian Sword";"11";"50";"20";"40";"35";"1.1";"1.1";"5"
"Perfect Coruscating Isparian Sword";"11";"50";"20";"40";"35";"1.1";"1.1";"5"
"Perfect Dissolving Isparian Sword";"11";"50";"20";"40";"35";"1.1";"1.1";"5"
"Perfect Dissolving Isparian Sword";"11";"50";"20";"40";"35";"1.1";"1.1";"5"
"Perfect Shimmering Isparian Sword";"11";"50";"20";"40";"35";"1.1";"1.1";"4"
"Iasparailaun";"11";"51";"25";"50";"30";"1.2";"1.2";"0"
"Iasparailaun";"11";"51";"25";"50";"30";"1.2";"1.2";"0"
"Iasparailaun";"11";"51";"25";"50";"30";"1.2";"1.2";"0"
"Palenqual's Ukira of the Chase";"11";"250";"13";"26";"50";"1.08";"1.08";"9"
"Tanae's Ukira of the Forests";"11";"250";"13";"26";"50";"1.08";"1.08";"3"
"Palenqual's Ukira of the Heights";"11";"250";"13";"26";"50";"1.08";"1.08";"9"
"Audetaunga's Ukira of the Mountains";"11";"250";"13";"26";"50";"1.08";"1.08";"3"
"Volkama's Ukira of the Rivers";"11";"250";"13";"26";"50";"1.08";"1.08";"3"
"Palenqual's Ukira of the Vortex";"11";"250";"13";"26";"50";"1.08";"1.08";"9"
"Peerless Atlan Sword";"11";"250";"15";"30";"35";"1.07";"1.07";"0"
"Peerless Shivering Atlan Sword";"11";"250";"15";"30";"35";"1.07";"1.07";"6"
"Peerless Shivering Atlan Sword";"11";"250";"15";"30";"35";"1.07";"1.07";"6"
"Peerless Smoldering Atlan Sword";"11";"250";"15";"30";"35";"1.07";"1.07";"6"
"Peerless Smoldering Atlan Sword";"11";"250";"15";"30";"35";"1.07";"1.07";"6"
"Peerless Sparking Atlan Sword";"11";"250";"15";"30";"35";"1.07";"1.07";"6"
"Peerless Sparking Atlan Sword";"11";"250";"15";"30";"35";"1.07";"1.07";"6"
"Peerless Stinging Atlan Sword";"11";"250";"15";"30";"35";"1.07";"1.07";"6"
"Peerless Stinging Atlan Sword";"11";"250";"15";"30";"35";"1.07";"1.07";"6"
"Superior Atlan Sword";"11";"250";"15";"30";"35";"1.05";"1.05";"0"
"Superior Shivering Atlan Sword";"11";"250";"15";"30";"35";"1.05";"1.05";"6"
"Superior Shivering Atlan Sword";"11";"250";"15";"30";"35";"1.05";"1.05";"6"
"Superior Smoldering Atlan Sword";"11";"250";"15";"30";"35";"1.05";"1.05";"6"
"Superior Smoldering Atlan Sword";"11";"250";"15";"30";"35";"1.05";"1.05";"6"
"Superior Sparking Atlan Sword";"11";"250";"15";"30";"35";"1.05";"1.05";"6"
"Superior Sparking Atlan Sword";"11";"250";"15";"30";"35";"1.05";"1.05";"6"
"Superior Stinging Atlan Sword";"11";"250";"15";"30";"35";"1.05";"1.05";"6"
"Superior Stinging Atlan Sword";"11";"250";"15";"30";"35";"1.05";"1.05";"6"
"Fine Atlan Sword";"11";"250";"15";"30";"35";"1.03";"1.03";"0"
"Fine Shivering Atlan Sword";"11";"250";"15";"30";"35";"1.03";"1.03";"6"
"Fine Shivering Atlan Sword";"11";"250";"15";"30";"35";"1.03";"1.03";"6"
"Fine Smoldering Atlan Sword";"11";"250";"15";"30";"35";"1.03";"1.03";"6"
"Fine Smoldering Atlan Sword";"11";"250";"15";"30";"35";"1.03";"1.03";"6"
"Fine Sparking Atlan Sword";"11";"250";"15";"30";"35";"1.03";"1.03";"6"
"Fine Sparking Atlan Sword";"11";"250";"15";"30";"35";"1.03";"1.03";"6"
"Fine Stinging Atlan Sword";"11";"250";"15";"30";"35";"1.03";"1.03";"6"
"Fine Stinging Atlan Sword";"11";"250";"15";"30";"35";"1.03";"1.03";"6"
"Sword of Lost Hope";"11";"250";"16";"32";"30";"1.08";"1.08";"6"
"Sword of Lost Hope";"11";"250";"16";"32";"30";"1.08";"1.08";"6"
"Sword of Lost Hope";"11";"250";"16";"32";"30";"1.08";"1.08";"6"
"Sword of Lost Light";"11";"250";"16";"32";"30";"1.08";"1.08";"5"
"Sword of Lost Light";"11";"250";"16";"32";"30";"1.08";"1.08";"5"
"Sword of Lost Light";"11";"250";"16";"32";"30";"1.08";"1.08";"5"
"Singularity Sword";"11";"250";"18";"40";"40";"1.07";"1.07";"3"
"Bound Singularity Sword";"11";"250";"18";"40";"40";"1.07";"1.07";"3"
"Deadly Hollow Sword";"11";"250";"22";"55";"30";"1.1";"1";"0"
"Phantom Sword";"11";"275";"4";"8";"30";"1.15";"1";"0"
"Esorcelled Falchion";"11";"300";"6.6";"22";"40";"1.08";"1.06";"5"
"Sword of Frozen Fury";"11";"300";"17.5";"35";"30";"1.1";"1.1";"4"
"Sword of Lost Hope";"11";"300";"21";"42";"30";"1.11";"1.11";"7"
"Sword of Lost Hope";"11";"300";"21";"42";"30";"1.11";"1.11";"7"
"Sword of Lost Hope";"11";"300";"21";"42";"30";"1.11";"1.11";"7"
"Sword of Lost Light";"11";"300";"21";"42";"30";"1.11";"1.11";"6"
"Sword of Lost Light";"11";"300";"21";"42";"30";"1.11";"1.11";"6"
"Sword of Lost Light";"11";"300";"21";"42";"30";"1.11";"1.11";"6"
"Banished Blade";"11";"300";"22";"44";"40";"1.06";"1.06";"2"
"Crystal Sword";"11";"300";"24";"48";"40";"1.1";"1.1";"5"
"Noble Rapier";"11";"325";"4";"10";"45";"1.09";"1.09";"6"
"Burun Slaying Rapier";"11";"325";"4";"10";"45";"1.09";"1.09";"6"
"Regal Rapier";"11";"325";"6";"15";"45";"1.1";"1.1";"6"
"Weeping Sword";"11";"325";"15.2";"38";"35";"1.05";"1";"5"
"Acidic Weeping Sword";"11";"325";"15.2";"38";"35";"1.05";"1";"5"
"Electric Weeping Sword";"11";"325";"15.2";"38";"35";"1.05";"1";"5"
"Flaming Weeping Sword";"11";"325";"15.2";"38";"35";"1.05";"1";"5"
"Frozen Weeping Sword";"11";"325";"15.2";"38";"35";"1.05";"1";"5"
"Copper Cutlass";"11";"325";"17.6";"44";"30";"1.07";"1.07";"4"
"Ultimate Singularity Sword";"11";"325";"22";"49";"40";"1.08";"1.08";"4"
"Sword of Lost Hope";"11";"325";"28";"56";"30";"1.14";"1.14";"9"
"Sword of Lost Light";"11";"325";"28";"56";"30";"1.14";"1.14";"8"
"Superior Ashbane";"11";"325";"27";"60";"20";"1.08";"1";"0"
"Overlord's Sword";"11";"325";"35";"70";"50";"1.15";"1.15";"4"
"Esorcelled Falchion";"11";"350";"9.9";"33";"40";"1.1";"1.06";"5"
"Esorcelled Falchion";"11";"370";"11.4";"38";"40";"1.1";"1.06";"6"
"Sterile Sword";"11";"370";"25";"50";"35";"1.08";"1.13";"1"
"Blade of the Fallen";"11";"370";"25.5";"51";"40";"1.13";"1.13";"2"
"Peerless Atlan Sword of Black Fire";"11";"400";"27.5";"55";"35";"1.07";"1.07";"6"
"Superior Atlan Sword of Black Fire";"11";"400";"27.5";"55";"35";"1.05";"1.05";"6"
"Fine Atlan Sword of Black Fire";"11";"400";"27.5";"55";"35";"1.03";"1.03";"6"
"Hand Grenade";"12";"2";"0";"1";"3";"1";"1";"0"
"Hand Grenade";"12";"2";"0";"1";"3";"1";"1";"0"
"Deadly Iceball";"12";"30";"31.2";"125";"10";"1";"0.8";"0"
"Greater Spike";"12";"250";"15";"75";"10";"1";"1";"0"
"Greater Acid Spike";"12";"250";"15";"75";"10";"1";"1";"0"
"Greater Blunt Spike";"12";"250";"15";"75";"10";"1";"1";"0"
"Greater Broad Spike";"12";"250";"15";"75";"10";"1";"1";"0"
"Greater Lightning Spike";"12";"250";"15";"75";"10";"1";"1";"0"
"Greater Fire Spike";"12";"250";"15";"75";"10";"1";"1";"0"
"Greater Frost Spike";"12";"250";"15";"75";"10";"1";"1";"0"
"Rock";"12";"250";"40";"80";"20";"1";"1";"0"
"Deadly Spike";"12";"280";"20";"100";"10";"1";"1";"0"
"Deadly Acid Spike";"12";"280";"20";"100";"10";"1";"1";"0"
"Deadly Blunt Spike";"12";"280";"20";"100";"10";"1";"1";"0"
"Deadly Broad Spike";"12";"280";"20";"100";"10";"1";"1";"0"
"Deadly Lightning Spike";"12";"280";"20";"100";"10";"1";"1";"0"
"Deadly Fire Spike";"12";"280";"20";"100";"10";"1";"1";"0"
"Deadly Frost Spike";"12";"280";"20";"100";"10";"1";"1";"0"
"Quality Isparian Claw";"13";"20";"6.8";"9";"12";"1.04";"1.04";"2"
"Quality Chilling Isparian Claw";"13";"20";"6.8";"9";"12";"1.04";"1.04";"4"
"Quality Chilling Isparian Claw";"13";"20";"6.8";"9";"12";"1.04";"1.04";"4"
"Quality Flaming Isparian Claw";"13";"20";"6.8";"9";"12";"1.04";"1.04";"4"
"Quality Flaming Isparian Claw";"13";"20";"6.8";"9";"12";"1.04";"1.04";"4"
"Quality Coruscating Isparian Claw";"13";"20";"6.8";"9";"12";"1.04";"1.04";"4"
"Quality Coruscating Isparian Claw";"13";"20";"6.8";"9";"12";"1.04";"1.04";"4"
"Quality Dissolving Isparian Claw";"13";"20";"6.8";"9";"12";"1.04";"1.04";"4"
"Quality Dissolving Isparian Claw";"13";"20";"6.8";"9";"12";"1.04";"1.04";"4"
"Quality Shimmering Isparian Claw";"13";"20";"6.8";"9";"12";"1.04";"1.04";"3"
"Good Isparian Claw";"13";"30";"8.2";"11";"12";"1.06";"1.06";"3"
"Good Chilling Isparian Claw";"13";"30";"8.2";"11";"12";"1.06";"1.06";"5"
"Good Chilling Isparian Claw";"13";"30";"8.2";"11";"12";"1.06";"1.06";"5"
"Good Flaming Isparian Claw";"13";"30";"8.2";"11";"12";"1.06";"1.06";"5"
"Good Flaming Isparian Claw";"13";"30";"8.2";"11";"12";"1.06";"1.06";"5"
"Good Coruscating Isparian Claw";"13";"30";"8.2";"11";"12";"1.06";"1.06";"5"
"Good Coruscating Isparian Claw";"13";"30";"8.2";"11";"12";"1.06";"1.06";"5"
"Good Dissolving Isparian Claw";"13";"30";"8.2";"11";"12";"1.06";"1.06";"5"
"Good Dissolving Isparian Claw";"13";"30";"8.2";"11";"12";"1.06";"1.06";"5"
"Good Shimmering Isparian Claw";"13";"30";"8.2";"11";"12";"1.06";"1.06";"4"
"Assault Cestus";"13";"30";"8.2";"11";"25";"1.06";"1.06";"4"
"Gauraloi";"13";"30";"6";"12";"15";"1.12";"1.12";"5"
"Superb Isparian Claw";"13";"40";"9.8";"13";"12";"1.08";"1.08";"3"
"Superb Chilling Isparian Claw";"13";"40";"9.8";"13";"12";"1.08";"1.08";"5"
"Superb Chilling Isparian Claw";"13";"40";"9.8";"13";"12";"1.08";"1.08";"5"
"Superb Flaming Isparian Claw";"13";"40";"9.8";"13";"12";"1.08";"1.08";"5"
"Superb Flaming Isparian Claw";"13";"40";"9.8";"13";"12";"1.08";"1.08";"5"
"Superb Coruscating Isparian Claw";"13";"40";"9.8";"13";"12";"1.08";"1.08";"5"
"Superb Coruscating Isparian Claw";"13";"40";"9.8";"13";"12";"1.08";"1.08";"5"
"Superb Dissolving Isparian Claw";"13";"40";"9.8";"13";"12";"1.08";"1.08";"5"
"Superb Dissolving Isparian Claw";"13";"40";"9.8";"13";"12";"1.08";"1.08";"5"
"Superb Shimmering Isparian Claw";"13";"40";"9.8";"13";"12";"1.08";"1.08";"4"
"Perfect Isparian Claw";"13";"50";"12";"16";"12";"1.1";"1.1";"3"
"Perfect Chilling Isparian Claw";"13";"50";"12";"16";"12";"1.1";"1.1";"5"
"Perfect Chilling Isparian Claw";"13";"50";"12";"16";"12";"1.1";"1.1";"5"
"Perfect Flaming Isparian Claw";"13";"50";"12";"16";"12";"1.1";"1.1";"5"
"Perfect Flaming Isparian Claw";"13";"50";"12";"16";"12";"1.1";"1.1";"5"
"Perfect Coruscating Isparian Claw";"13";"50";"12";"16";"12";"1.1";"1.1";"5"
"Perfect Coruscating Isparian Claw";"13";"50";"12";"16";"12";"1.1";"1.1";"5"
"Perfect Dissolving Isparian Claw";"13";"50";"12";"16";"12";"1.1";"1.1";"5"
"Perfect Dissolving Isparian Claw";"13";"50";"12";"16";"12";"1.1";"1.1";"5"
"Perfect Shimmering Isparian Claw";"13";"50";"12";"16";"12";"1.1";"1.1";"4"
"Needletooth";"13";"100";"10.5";"21";"15";"1.08";"1.12";"6"
"Palenqual's Korua of the Chase";"13";"250";"3.5";"7";"20";"1.08";"1.08";"9"
"Tanae's Korua of the Forests";"13";"250";"3.5";"7";"20";"1.08";"1.08";"3"
"Palenqual's Korua of the Heights";"13";"250";"3.5";"7";"20";"1.08";"1.08";"9"
"Audetaunga's Korua of the Mountains";"13";"250";"3.5";"7";"20";"1.08";"1.08";"3"
"Volkama's Korua of the Rivers";"13";"250";"3.5";"7";"20";"1.08";"1.08";"3"
"Palenqual's Korua of the Vortex";"13";"250";"3.5";"7";"20";"1.08";"1.08";"9"
"Peerless Atlan Claw";"13";"250";"8.2";"11";"15";"1.07";"1.07";"0"
"Peerless Shivering Atlan Claw";"13";"250";"8.2";"11";"15";"1.07";"1.07";"6"
"Peerless Shivering Atlan Claw";"13";"250";"8.2";"11";"15";"1.07";"1.07";"6"
"Peerless Smoldering Atlan Claw";"13";"250";"8.2";"11";"15";"1.07";"1.07";"6"
"Peerless Smoldering Atlan Claw";"13";"250";"8.2";"11";"15";"1.07";"1.07";"6"
"Peerless Sparking Atlan Claw";"13";"250";"8.2";"11";"15";"1.07";"1.07";"6"
"Peerless Sparking Atlan Claw";"13";"250";"8.2";"11";"15";"1.07";"1.07";"6"
"Peerless Stinging Atlan Claw";"13";"250";"8.2";"11";"15";"1.07";"1.07";"6"
"Peerless Stinging Atlan Claw";"13";"250";"8.2";"11";"15";"1.07";"1.07";"6"
"Superior Atlan Claw";"13";"250";"8.2";"11";"15";"1.05";"1.05";"0"
"Superior Shivering Atlan Claw";"13";"250";"8.2";"11";"15";"1.05";"1.05";"6"
"Superior Shivering Atlan Claw";"13";"250";"8.2";"11";"15";"1.05";"1.05";"6"
"Superior Smoldering Atlan Claw";"13";"250";"8.2";"11";"15";"1.05";"1.05";"6"
"Superior Smoldering Atlan Claw";"13";"250";"8.2";"11";"15";"1.05";"1.05";"6"
"Superior Sparking Atlan Claw";"13";"250";"8.2";"11";"15";"1.05";"1.05";"6"
"Superior Sparking Atlan Claw";"13";"250";"8.2";"11";"15";"1.05";"1.05";"6"
"Superior Stinging Atlan Claw";"13";"250";"8.2";"11";"15";"1.05";"1.05";"6"
"Superior Stinging Atlan Claw";"13";"250";"8.2";"11";"15";"1.05";"1.05";"6"
"Fine Atlan Claw";"13";"250";"8.2";"11";"15";"1.03";"1.03";"0"
"Fine Shivering Atlan Claw";"13";"250";"8.2";"11";"15";"1.03";"1.03";"6"
"Fine Shivering Atlan Claw";"13";"250";"8.2";"11";"15";"1.03";"1.03";"6"
"Fine Smoldering Atlan Claw";"13";"250";"8.2";"11";"15";"1.03";"1.03";"6"
"Fine Smoldering Atlan Claw";"13";"250";"8.2";"11";"15";"1.03";"1.03";"6"
"Fine Sparking Atlan Claw";"13";"250";"8.2";"11";"15";"1.03";"1.03";"6"
"Fine Sparking Atlan Claw";"13";"250";"8.2";"11";"15";"1.03";"1.03";"6"
"Fine Stinging Atlan Claw";"13";"250";"8.2";"11";"15";"1.03";"1.03";"6"
"Fine Stinging Atlan Claw";"13";"250";"8.2";"11";"15";"1.03";"1.03";"6"
"Siraluun Matihao";"13";"250";"7.9";"12";"20";"1.06";"1.1";"4"
"Basalt Blade";"13";"250";"9";"12";"20";"1.08";"1.13";"4"
"Ebon Tooth Katar";"13";"250";"9";"12";"35";"1.08";"1.08";"4"
"Timber Siraluun Matihao";"13";"250";"9";"12";"35";"1.08";"1.08";"4"
"Fist of Massacre";"13";"250";"6";"15";"10";"1.1";"1.08";"4"
"Singularity Katar";"13";"250";"8.2";"15";"20";"1.07";"1.07";"3"
"Bound Singularity Katar";"13";"250";"8.2";"15";"20";"1.07";"1.07";"3"
"Deadly Hollow Katar";"13";"250";"17";"34";"20";"1.1";"1.05";"0"
"Phantom Katar";"13";"275";"0";"0";"20";"1.15";"1.05";"0"
"Hamud's Pyreal Katar";"13";"300";"7.2";"12";"15";"1.07";"1.1";"5"
"Banished Nekode";"13";"300";"12.6";"18";"20";"1.06";"1.06";"2"
"Fist of Massacre";"13";"300";"12";"30";"10";"1.11";"1.09";"5"
"Olthoi Acid Katar";"13";"300";"25.5";"34";"20";"1.1";"1.1";"4"
"Crescent Moons";"13";"325";"9.6";"16";"20";"1.11";"1.11";"5"
"Noble Katar";"13";"325";"11.7";"18";"10";"1.09";"1.09";"6"
"Burun Slaying Katar";"13";"325";"11.7";"18";"10";"1.09";"1.09";"6"
"Weeping Claw";"13";"325";"11";"22";"12";"1.05";"1";"5"
"Acidic Weeping Claw";"13";"325";"11";"22";"12";"1.05";"1";"5"
"Electric Weeping Claw";"13";"325";"11";"22";"12";"1.05";"1";"5"
"Flaming Weeping Claw";"13";"325";"11";"22";"12";"1.05";"1";"5"
"Frozen Weeping Claw";"13";"325";"11";"22";"12";"1.05";"1";"5"
"Brass Knuckles";"13";"325";"11.5";"23";"20";"1.1";"1.1";"4"
"Ultimate Singularity Katar";"13";"325";"14.3";"26";"20";"1.08";"1.08";"4"
"Regal Katar";"13";"325";"13";"26";"10";"1.1";"1.1";"6"
"Gibbering Claw";"13";"350";"10";"20";"10";"1.08";"1.11";"4"
"Fist of Massacre";"13";"350";"14.4";"36";"10";"1.12";"1.1";"6"
"Fist of Massacre";"13";"370";"16.4";"41";"10";"1.13";"1.11";"6"
"Katar of the Fallen";"13";"370";"21";"42";"20";"1.13";"1.13";"2"
"Peerless Atlan Claw of Black Fire";"13";"400";"19.5";"26";"15";"1.07";"1.07";"6"
"Superior Atlan Claw of Black Fire";"13";"400";"19.5";"26";"15";"1.05";"1.05";"6"
"Fine Atlan Claw of Black Fire";"13";"400";"19.5";"26";"15";"1.03";"1.03";"6"
